Cell_type,Proportion
B_cells,0.8069001744805046
PCs,0.30700693083630154
CD4+T_cells,10.401165801186464
T cells gamma delta,0.4175659034025441
CD8+T_cells,7.140400706490821
NK_cells,9.722658552454147
Monocytes,14.755361092635985
Macrophages,0.8641379801294939
DC,0.34964559978643117
Mast_cells,2.114845815363139
Granulocyte,53.120311443234144
